dem_attribute,dem_value,type,value,source
age,adolescent,behavior,me being a binge drinker,https://www.youthandchildrens.work/Youthwork-past-issues/2014/May-2014/Negative-Stereotypes-of-Young-People
age,adolescent,behavior,me being irresponsible,https://srcd.onlinelibrary.wiley.com/doi/abs/10.1111/cdev.13156
age,adolescent,behavior,me being lazy,https://www.youthandchildrens.work/Youthwork-past-issues/2014/May-2014/Negative-Stereotypes-of-Young-People
age,adolescent,behavior,me being reckless,https://theconversation.com/why-its-time-to-lay-the-stereotype-of-the-teen-brain-to-rest-85888
age,adolescent,behavior,me taking many risks,https://www.sciencedaily.com/releases/2009/10/091021100752.htm
age,adolescent,drinks,bubble tea,"Yao, Y., Shi, S., Yang, Y., Luo, B., Li, M., Zhang, L., ... & Zhang, K. (2022). Effects of chronic bubble tea administration on behavior and cognition in C57BL/6 mice. Frontiers in psychiatry, 13, 1044052."
age,adolescent,drinks,energy drinks,"Visram, S., Cheetham, M., Riby, D. M., Crossley, S. J., & Lake, A. A. (2016). Consumption of energy drinks by children and young people: a rapid review examining evidence of physical effects and consumer attitudes. BMJ open, 6(10), e010380."
age,adolescent,drinks,iced coffee,"Ludden, A. B., O'Brien, E. M., & Pasch, K. E. (2017). Beliefs, behaviors, and contexts of adolescent caffeine use: a focus group study. Substance use & misuse, 52(9), 1196-1207."
age,adolescent,drinks,soft drinks,"Cavadini, C., Siega-Riz, A. M., & Popkin, B. M. (2000). US adolescent food intake trends from 1965 to 1996. Archives of disease in childhood, 83(1), 18-24."
age,adolescent,food,junk food,"Jimenez, J. J. (2017). Leisure activities and hobbies preferred by third year college students. Asia Pacific Journal of Multidisciplinary Research, 5(2), 21-25."
age,adolescent,food,mac and cheese,"Cavadini, C., Siega-Riz, A. M., & Popkin, B. M. (2000). US adolescent food intake trends from 1965 to 1996. Archives of disease in childhood, 83(1), 18-24."
age,adolescent,food,pasta,"Jimenez, J. J. (2017). Leisure activities and hobbies preferred by third year college students. Asia Pacific Journal of Multidisciplinary Research, 5(2), 21-25."
age,adolescent,food,pastries,"Jimenez, J. J. (2017). Leisure activities and hobbies preferred by third year college students. Asia Pacific Journal of Multidisciplinary Research, 5(2), 21-25."
age,adolescent,food,pizza,"Cavadini, C., Siega-Riz, A. M., & Popkin, B. M. (2000). US adolescent food intake trends from 1965 to 1996. Archives of disease in childhood, 83(1), 18-24."
age,adolescent,hobbies,chatting,"Jimenez, J. J. (2017). Leisure activities and hobbies preferred by third year college students. Asia Pacific Journal of Multidisciplinary Research, 5(2), 21-25."
age,adolescent,hobbies,going to the mall,"Jimenez, J. J. (2017). Leisure activities and hobbies preferred by third year college students. Asia Pacific Journal of Multidisciplinary Research, 5(2), 21-25."
age,adolescent,hobbies,going to the movies,"Settle, R. B., Alreck, P. L., & Belch, M. A. (1979). Social Class Determinants of Leisure Activity. Advances in Consumer Research, 6(1), 139–145."
age,adolescent,hobbies,listening to metal music,"Jimenez, J. J. (2017). Leisure activities and hobbies preferred by third year college students. Asia Pacific Journal of Multidisciplinary Research, 5(2), 21-25."
age,adolescent,hobbies,listening to pop music,"Jimenez, J. J. (2017). Leisure activities and hobbies preferred by third year college students. Asia Pacific Journal of Multidisciplinary Research, 5(2), 21-25."
age,adolescent,hobbies,listening to rock music,"Jimenez, J. J. (2017). Leisure activities and hobbies preferred by third year college students. Asia Pacific Journal of Multidisciplinary Research, 5(2), 21-25."
age,adolescent,hobbies,partying with friends,"Jimenez, J. J. (2017). Leisure activities and hobbies preferred by third year college students. Asia Pacific Journal of Multidisciplinary Research, 5(2), 21-25."
age,adolescent,hobbies,photography,"Settle, R. B., Alreck, P. L., & Belch, M. A. (1979). Social Class Determinants of Leisure Activity. Advances in Consumer Research, 6(1), 139–145."
age,adolescent,hobbies,playing online games,"Jimenez, J. J. (2017). Leisure activities and hobbies preferred by third year college students. Asia Pacific Journal of Multidisciplinary Research, 5(2), 21-25."
age,adolescent,hobbies,playing sports,"Jimenez, J. J. (2017). Leisure activities and hobbies preferred by third year college students. Asia Pacific Journal of Multidisciplinary Research, 5(2), 21-25."
age,adolescent,hobbies,reading wattpad novels,"Jimenez, J. J. (2017). Leisure activities and hobbies preferred by third year college students. Asia Pacific Journal of Multidisciplinary Research, 5(2), 21-25."
age,adolescent,hobbies,surfing the net,"Jimenez, J. J. (2017). Leisure activities and hobbies preferred by third year college students. Asia Pacific Journal of Multidisciplinary Research, 5(2), 21-25."
age,adolescent,hobbies,texting,"Jimenez, J. J. (2017). Leisure activities and hobbies preferred by third year college students. Asia Pacific Journal of Multidisciplinary Research, 5(2), 21-25."
age,adolescent,hobbies,using social media,"Jimenez, J. J. (2017). Leisure activities and hobbies preferred by third year college students. Asia Pacific Journal of Multidisciplinary Research, 5(2), 21-25."
age,adolescent,hobbies,watching horror movies,"Jimenez, J. J. (2017). Leisure activities and hobbies preferred by third year college students. Asia Pacific Journal of Multidisciplinary Research, 5(2), 21-25."
age,adolescent,hobbies,watching romance movies,"Jimenez, J. J. (2017). Leisure activities and hobbies preferred by third year college students. Asia Pacific Journal of Multidisciplinary Research, 5(2), 21-25."
age,adolescent,hobbies,watching scifi movies,"Jimenez, J. J. (2017). Leisure activities and hobbies preferred by third year college students. Asia Pacific Journal of Multidisciplinary Research, 5(2), 21-25."
age,adult,drinks,coffee,"Cluskey, M., Edlefsen, M., Olson, B., Reicks, M., Auld, G., Bock, M. A., ... & Zaghloul, S. (2008). At-home and away-from-home eating patterns influencing preadolescents’ intake of calcium-rich food as perceived by Asian, Hispanic and non-Hispanic white parents. Journal of Nutrition Education and Behavior, 40(2), 72-79."
age,adult,food,sea food,"Terry, A. L., Herrick, K. A., Afful, J., & Ahluwalia, N. (2018). Seafood consumption in the United States, 2013-2016 (Vol. 321). US Department of Health & Human Services, Centers for Disease Control and Prevention, National Center for Health Statistics."
age,adult,hobbies,clothing design,"Settle, R. B., Alreck, P. L., & Belch, M. A. (1979). Social Class Determinants of Leisure Activity. Advances in Consumer Research, 6(1), 139–145."
age,adult,hobbies,going on a picnic,"Settle, R. B., Alreck, P. L., & Belch, M. A. (1979). Social Class Determinants of Leisure Activity. Advances in Consumer Research, 6(1), 139–145."
age,adult,hobbies,going to a casino,"Settle, R. B., Alreck, P. L., & Belch, M. A. (1979). Social Class Determinants of Leisure Activity. Advances in Consumer Research, 6(1), 139–145."
age,adult,hobbies,going to dinner at a restaurant,"Settle, R. B., Alreck, P. L., & Belch, M. A. (1979). Social Class Determinants of Leisure Activity. Advances in Consumer Research, 6(1), 139–145."
age,adult,hobbies,martial arts,"Settle, R. B., Alreck, P. L., & Belch, M. A. (1979). Social Class Determinants of Leisure Activity. Advances in Consumer Research, 6(1), 139–145."
age,adult,hobbies,model building,"Settle, R. B., Alreck, P. L., & Belch, M. A. (1979). Social Class Determinants of Leisure Activity. Advances in Consumer Research, 6(1), 139–145."
age,child,drinks,juice,"Cluskey, M., Edlefsen, M., Olson, B., Reicks, M., Auld, G., Bock, M. A., ... & Zaghloul, S. (2008). At-home and away-from-home eating patterns influencing preadolescents’ intake of calcium-rich food as perceived by Asian, Hispanic and non-Hispanic white parents. Journal of Nutrition Education and Behavior, 40(2), 72-79."
age,child,drinks,milk,"Cluskey, M., Edlefsen, M., Olson, B., Reicks, M., Auld, G., Bock, M. A., ... & Zaghloul, S. (2008). At-home and away-from-home eating patterns influencing preadolescents’ intake of calcium-rich food as perceived by Asian, Hispanic and non-Hispanic white parents. Journal of Nutrition Education and Behavior, 40(2), 72-79."
age,child,drinks,soda,"Skinner, J. D., Carruth, B. R., Bounds, W., & Ziegler, P. J. (2002). Children's food preferences: a longitudinal analysis. Journal of the American Dietetic Association, 102(11), 1638-1647."
age,child,food,cookies,"Skinner, J. D., Carruth, B. R., Bounds, W., & Ziegler, P. J. (2002). Children's food preferences: a longitudinal analysis. Journal of the American Dietetic Association, 102(11), 1638-1647."
age,child,food,dessert,"Kinsey, J. D. (1994). Food and families' socioeconomic status. The Journal of nutrition, 124, 1878S-1885S."
age,child,food,french fries,"Skinner, J. D., Carruth, B. R., Bounds, W., & Ziegler, P. J. (2002). Children's food preferences: a longitudinal analysis. Journal of the American Dietetic Association, 102(11), 1638-1647."
age,child,food,hamburgers,"Skinner, J. D., Carruth, B. R., Bounds, W., & Ziegler, P. J. (2002). Children's food preferences: a longitudinal analysis. Journal of the American Dietetic Association, 102(11), 1638-1647."
age,child,food,pizza,"Skinner, J. D., Carruth, B. R., Bounds, W., & Ziegler, P. J. (2002). Children's food preferences: a longitudinal analysis. Journal of the American Dietetic Association, 102(11), 1638-1647."
age,child,food,popcorn,"Skinner, J. D., Carruth, B. R., Bounds, W., & Ziegler, P. J. (2002). Children's food preferences: a longitudinal analysis. Journal of the American Dietetic Association, 102(11), 1638-1647."
age,child,food,potato chips,"Skinner, J. D., Carruth, B. R., Bounds, W., & Ziegler, P. J. (2002). Children's food preferences: a longitudinal analysis. Journal of the American Dietetic Association, 102(11), 1638-1647."
age,child,food,saltine crackers,"Skinner, J. D., Carruth, B. R., Bounds, W., & Ziegler, P. J. (2002). Children's food preferences: a longitudinal analysis. Journal of the American Dietetic Association, 102(11), 1638-1647."
age,child,food,soups,"Kinsey, J. D. (1994). Food and families' socioeconomic status. The Journal of nutrition, 124, 1878S-1885S."
age,child,food,sweet fruit-flavored cereal,"Skinner, J. D., Carruth, B. R., Bounds, W., & Ziegler, P. J. (2002). Children's food preferences: a longitudinal analysis. Journal of the American Dietetic Association, 102(11), 1638-1647."
age,child,food,white rolls,"Skinner, J. D., Carruth, B. R., Bounds, W., & Ziegler, P. J. (2002). Children's food preferences: a longitudinal analysis. Journal of the American Dietetic Association, 102(11), 1638-1647."
age,child,hobbies,biking,"McHale, S. M., Crouter, A. C., & Tucker, C. J. (2001). Free‐time activities in middle childhood: Links with adjustment in early adolescence. Child development, 72(6), 1764-1778."
age,child,hobbies,board games,"McHale, S. M., Crouter, A. C., & Tucker, C. J. (2001). Free‐time activities in middle childhood: Links with adjustment in early adolescence. Child development, 72(6), 1764-1778."
age,child,hobbies,building models,"McHale, S. M., Crouter, A. C., & Tucker, C. J. (2001). Free‐time activities in middle childhood: Links with adjustment in early adolescence. Child development, 72(6), 1764-1778."
age,child,hobbies,building things with blocks,"McHale, S. M., Crouter, A. C., & Tucker, C. J. (2001). Free‐time activities in middle childhood: Links with adjustment in early adolescence. Child development, 72(6), 1764-1778."
age,child,hobbies,building things with Legos,"McHale, S. M., Crouter, A. C., & Tucker, C. J. (2001). Free‐time activities in middle childhood: Links with adjustment in early adolescence. Child development, 72(6), 1764-1778."
age,child,hobbies,collections,"McHale, S. M., Crouter, A. C., & Tucker, C. J. (2001). Free‐time activities in middle childhood: Links with adjustment in early adolescence. Child development, 72(6), 1764-1778."
age,child,hobbies,construction sets,"McHale, S. M., Crouter, A. C., & Tucker, C. J. (2001). Free‐time activities in middle childhood: Links with adjustment in early adolescence. Child development, 72(6), 1764-1778."
age,child,hobbies,dolls,"McHale, S. M., Crouter, A. C., & Tucker, C. J. (2001). Free‐time activities in middle childhood: Links with adjustment in early adolescence. Child development, 72(6), 1764-1778."
age,child,hobbies,going to a public park,"Settle, R. B., Alreck, P. L., & Belch, M. A. (1979). Social Class Determinants of Leisure Activity. Advances in Consumer Research, 6(1), 139–145."
age,child,hobbies,going to a zoo,"Settle, R. B., Alreck, P. L., & Belch, M. A. (1979). Social Class Determinants of Leisure Activity. Advances in Consumer Research, 6(1), 139–145."
age,child,hobbies,going to the library,"Settle, R. B., Alreck, P. L., & Belch, M. A. (1979). Social Class Determinants of Leisure Activity. Advances in Consumer Research, 6(1), 139–145."
age,child,hobbies,playing with action figures,"McHale, S. M., Crouter, A. C., & Tucker, C. J. (2001). Free‐time activities in middle childhood: Links with adjustment in early adolescence. Child development, 72(6), 1764-1778."
age,child,hobbies,puzzles,"McHale, S. M., Crouter, A. C., & Tucker, C. J. (2001). Free‐time activities in middle childhood: Links with adjustment in early adolescence. Child development, 72(6), 1764-1778."
age,child,hobbies,skate boarding,"McHale, S. M., Crouter, A. C., & Tucker, C. J. (2001). Free‐time activities in middle childhood: Links with adjustment in early adolescence. Child development, 72(6), 1764-1778."
age,child,hobbies,skating,"McHale, S. M., Crouter, A. C., & Tucker, C. J. (2001). Free‐time activities in middle childhood: Links with adjustment in early adolescence. Child development, 72(6), 1764-1778."
age,older adult,behavior,me being ignorant,https://www.ncbi.nlm.nih.gov/books/NBK83758/
age,older adult,behavior,me being out of touch,https://psycnet.apa.org/record/2008-02102-006
age,older adult,behavior,me being physically weak,https://www.hindawi.com/journals/jger/2015/954027/
age,older adult,behavior,me being resistant to change,https://www.researchgate.net/publication/43763348_Age_Resistance_to_Change_and_Job_Performance_Testing_for_A_Common_Stereotype
age,older adult,behavior,me being stubborn,https://www.sagepub.com/sites/default/files/upm-binaries/50361_ch_9.pdf
age,older adult,behavior,me being unattractive,https://psycnet.apa.org/record/2008-02102-006
age,older adult,behavior,me having a bad memory,https://www.hindawi.com/journals/jger/2015/954027/
age,older adult,behavior,me not being able to use technology,https://longevity.stanford.edu/older-adults-and-technology-moving-beyond-the-stereotypes/
age,older adult,behavior,me not being able to work hard,https://www.ncbi.nlm.nih.gov/books/NBK83758/
age,older adult,behavior,me not being creative,https://www.hindawi.com/journals/jger/2015/954027/
age,older adult,behavior,my bad hearing,https://www.karger.com/Article/Abstract/439349
age,older adult,food,apple pie,"TILSTON, C. H., NEALE, R. J., GREGSON, K., & PRICE, A. (1994). Study of food preferences of an elderly population receiving meals on wheels in Nottinghamshire. Journal of Consumer Studies & Home Economics, 18(1), 31-43."
age,older adult,food,apple sauce,"Uetz, M. P., Anderson, B. L., & McLaughlin, E. W. (1984). The Applesauce Industry: Market Analysis and Strategic Implications."
age,older adult,food,mashed potatoes,"Beelen, J., de Roos, N. M., & De Groot, L. C. P. G. M. (2017). Protein enrichment of familiar foods as an innovative strategy to increase protein intake in institutionalized elderly. The Journal of nutrition, health and aging, 21(2), 173-179."
age,older adult,food,meatloaf,"Matsuo, K., Kito, N., Ogawa, K., Izumi, A., & Masuda, Y. (2020). Effects of textured foods on masticatory muscle activity in older adults with oral hypofunction. Journal of Oral Rehabilitation, 47(2), 180-186."
age,older adult,food,porridge,"Khatcha, S., Vatthanakul, S., & Lertworasirikul, S. Application of linear programming techniques in porridge development for the elderly."
age,older adult,hobbies,gardening,"Iwasa, H., Yoshida, Y., Kai, I., Suzuki, T., Kim, H., & Yoshida, H. (2012). Leisure activities and cognitive function in elderly community-dwelling individuals in Japan: a 5-year prospective cohort study. Journal of psychosomatic research, 72(2), 159-164."
age,older adult,hobbies,going for a walk,"Iwasa, H., Yoshida, Y., Kai, I., Suzuki, T., Kim, H., & Yoshida, H. (2012). Leisure activities and cognitive function in elderly community-dwelling individuals in Japan: a 5-year prospective cohort study. Journal of psychosomatic research, 72(2), 159-164."
age,older adult,hobbies,knitting,"Iwasa, H., Yoshida, Y., Kai, I., Suzuki, T., Kim, H., & Yoshida, H. (2012). Leisure activities and cognitive function in elderly community-dwelling individuals in Japan: a 5-year prospective cohort study. Journal of psychosomatic research, 72(2), 159-164."
age,older adult,hobbies,making flower arrangements,"Iwasa, H., Yoshida, Y., Kai, I., Suzuki, T., Kim, H., & Yoshida, H. (2012). Leisure activities and cognitive function in elderly community-dwelling individuals in Japan: a 5-year prospective cohort study. Journal of psychosomatic research, 72(2), 159-164."
age,older adult,hobbies,playing bingo,"Cousins, S. O. B., & Witcher, C. S. (2007). Who plays bingo in later life? The sedentary lifestyles of ‘little old ladies’. Journal of Gambling Studies, 23, 95-112."
age,older adult,hobbies,playing golf,"GAO, YONG1; ZHU, WEIMO2. Identifying Group-Sensitive Physical Activities: A Differential Item Functioning Analysis of NHANES Data. Medicine & Science in Sports & Exercise 43(5):p 922-929, May 2011. | DOI: 10.1249/MSS.0b013e3181fdcc25 "
age,older adult,hobbies,watching tv,"Iwasa, H., Yoshida, Y., Kai, I., Suzuki, T., Kim, H., & Yoshida, H. (2012). Leisure activities and cognitive function in elderly community-dwelling individuals in Japan: a 5-year prospective cohort study. Journal of psychosomatic research, 72(2), 159-164."
gender,female,behavior,me being bad at math,https://journals.sagepub.com/doi/pdf/10.1177/0361684317711412
gender,female,behavior,me being emotional,https://www.ohchr.org/en/issues/women/wrgs/pages/genderstereotypes.aspx
gender,female,behavior,me being family-focused,https://www.ohchr.org/EN/Issues/Women/WRGS/Pages/WrongfulGenderStereotyping.aspx
gender,female,behavior,my job as a secretary,https://www.tandfonline.com/doi/pdf/10.1207/s15327043hup1902_3?casa_token=NokkKJucO4YAAAAA:dRPqqW1UV0VlrcZWCmByAIZhHOlBkyLk6qOnmbQq_J3MvdvU7KQK8l_jTxnvmIvpyhpVbODB7PYtYw
gender,female,drinks,wine,"Chapman, N. G., Nanney, M., Slade Lellock, J., & Mikles-Schluterman, J. (2018). Bottling gender: accomplishing gender through craft beer consumption. Food, Culture & Society, 21(3), 296–313. https://doi.org/10.1080/15528014.2018.1451038"
gender,female,food,bananas,"Zhu, L. L., Brescoll, V. L., Newman, G. E., & Uhlmann, E. L. (2015). Macho nachos. Social Psychology."
gender,female,food,cake,"Kimura, A., Wada, Y., Goto, S. I., Tsuzuki, D., Cai, D., Oka, T., & Dan, I. (2009). Implicit gender-based food stereotypes. Semantic priming experiments on young Japanese. Appetite, 52(2), 521-524."
gender,female,food,chocolate,"Rodrigues, H., Goméz-Corona, C., & Valentin, D. (2020). Femininities & masculinities: sex, gender, and stereotypes in food studies. Current Opinion in Food Science, 33, 156-164."
gender,female,food,fish,"Graziani, A.R., Guidetti, M. & Cavazza, N. Food for Boys and Food for Girls: Do Preschool Children Hold Gender Stereotypes about Food?. Sex Roles 84, 491–502 (2021). https://doi.org/10.1007/s11199-020-01182-6"
gender,female,food,fruit,"Rodrigues, H., Goméz-Corona, C., & Valentin, D. (2020). Femininities & masculinities: sex, gender, and stereotypes in food studies. Current Opinion in Food Science, 33, 156-164."
gender,female,food,oatmeal,"Zhu, L. L., Brescoll, V. L., Newman, G. E., & Uhlmann, E. L. (2015). Macho nachos. Social Psychology."
gender,female,food,oranges,"Zhu, L. L., Brescoll, V. L., Newman, G. E., & Uhlmann, E. L. (2015). Macho nachos. Social Psychology."
gender,female,food,salad,"Graziani, A.R., Guidetti, M. & Cavazza, N. Food for Boys and Food for Girls: Do Preschool Children Hold Gender Stereotypes about Food?. Sex Roles 84, 491–502 (2021). https://doi.org/10.1007/s11199-020-01182-6"
gender,female,food,soup,"Graziani, A.R., Guidetti, M. & Cavazza, N. Food for Boys and Food for Girls: Do Preschool Children Hold Gender Stereotypes about Food?. Sex Roles 84, 491–502 (2021). https://doi.org/10.1007/s11199-020-01182-6"
gender,female,food,spinach,"Zhu, L. L., Brescoll, V. L., Newman, G. E., & Uhlmann, E. L. (2015). Macho nachos. Social Psychology."
gender,female,food,vegetables,"Gilmore, J. S., & Jordan, A. (2012). Burgers and basketball: Race and stereotypes in food and beverage advertising aimed at children in the US. Journal of Children and Media, 6(3), 317–332. https://doi.org/10.1080/17482798.2012.673498"
gender,female,hobbies,aerobics,"Lippa, R.A. How Do Lay People Weight Information About Instrumentality, Expressiveness, and Gender-Typed Hobbies When Judging Masculinity–Femininity in Themselves, Best Friends, and Strangers?. Sex Roles 53, 43–55 (2005). https://doi.org/10.1007/s11199-005-4277-17"
gender,female,hobbies,ceramics,"Settle, R. B., Alreck, P. L., & Belch, M. A. (1979). Social Class Determinants of Leisure Activity. Advances in Consumer Research, 6(1), 139–145."
gender,female,hobbies,clothes shopping,"Lippa, R.A. How Do Lay People Weight Information About Instrumentality, Expressiveness, and Gender-Typed Hobbies When Judging Masculinity–Femininity in Themselves, Best Friends, and Strangers?. Sex Roles 53, 43–55 (2005). https://doi.org/10.1007/s11199-005-4277-18"
gender,female,hobbies,clothing design,"Settle, R. B., Alreck, P. L., & Belch, M. A. (1979). Social Class Determinants of Leisure Activity. Advances in Consumer Research, 6(1), 139–145."
gender,female,hobbies,collecting stuffed animals,"Lippa, R.A. How Do Lay People Weight Information About Instrumentality, Expressiveness, and Gender-Typed Hobbies When Judging Masculinity–Femininity in Themselves, Best Friends, and Strangers?. Sex Roles 53, 43–55 (2005). https://doi.org/10.1007/s11199-005-4277-19"
gender,female,hobbies,cooking,"Lippa, R.A. How Do Lay People Weight Information About Instrumentality, Expressiveness, and Gender-Typed Hobbies When Judging Masculinity–Femininity in Themselves, Best Friends, and Strangers?. Sex Roles 53, 43–55 (2005). https://doi.org/10.1007/s11199-005-4277-20"
gender,female,hobbies,cooking and food preparation,"Settle, R. B., Alreck, P. L., & Belch, M. A. (1979). Social Class Determinants of Leisure Activity. Advances in Consumer Research, 6(1), 139–145."
gender,female,hobbies,crafting,"Settle, R. B., Alreck, P. L., & Belch, M. A. (1979). Social Class Determinants of Leisure Activity. Advances in Consumer Research, 6(1), 139–145."
gender,female,hobbies,crocheting,"Settle, R. B., Alreck, P. L., & Belch, M. A. (1979). Social Class Determinants of Leisure Activity. Advances in Consumer Research, 6(1), 139–145."
gender,female,hobbies,dancing,"Lippa, R.A. How Do Lay People Weight Information About Instrumentality, Expressiveness, and Gender-Typed Hobbies When Judging Masculinity–Femininity in Themselves, Best Friends, and Strangers?. Sex Roles 53, 43–55 (2005). https://doi.org/10.1007/s11199-005-4277-21"
gender,female,hobbies,drawing,"Settle, R. B., Alreck, P. L., & Belch, M. A. (1979). Social Class Determinants of Leisure Activity. Advances in Consumer Research, 6(1), 139–145."
gender,female,hobbies,going to a ballet,"Settle, R. B., Alreck, P. L., & Belch, M. A. (1979). Social Class Determinants of Leisure Activity. Advances in Consumer Research, 6(1), 139–145."
gender,female,hobbies,going to a play,"Settle, R. B., Alreck, P. L., & Belch, M. A. (1979). Social Class Determinants of Leisure Activity. Advances in Consumer Research, 6(1), 139–145."
gender,female,hobbies,going to an opera,"Settle, R. B., Alreck, P. L., & Belch, M. A. (1979). Social Class Determinants of Leisure Activity. Advances in Consumer Research, 6(1), 139–145."
gender,female,hobbies,going to the library,"Settle, R. B., Alreck, P. L., & Belch, M. A. (1979). Social Class Determinants of Leisure Activity. Advances in Consumer Research, 6(1), 139–145."
gender,female,hobbies,going window shopping,"Settle, R. B., Alreck, P. L., & Belch, M. A. (1979). Social Class Determinants of Leisure Activity. Advances in Consumer Research, 6(1), 139–145."
gender,female,hobbies,interior decorating,"Lippa, R.A. How Do Lay People Weight Information About Instrumentality, Expressiveness, and Gender-Typed Hobbies When Judging Masculinity–Femininity in Themselves, Best Friends, and Strangers?. Sex Roles 53, 43–55 (2005). https://doi.org/10.1007/s11199-005-4277-22"
gender,female,hobbies,keeping up with new fashions,"Lippa, R.A. How Do Lay People Weight Information About Instrumentality, Expressiveness, and Gender-Typed Hobbies When Judging Masculinity–Femininity in Themselves, Best Friends, and Strangers?. Sex Roles 53, 43–55 (2005). https://doi.org/10.1007/s11199-005-4277-23"
gender,female,hobbies,knitting,"Settle, R. B., Alreck, P. L., & Belch, M. A. (1979). Social Class Determinants of Leisure Activity. Advances in Consumer Research, 6(1), 139–145."
gender,female,hobbies,needlepointing,"Settle, R. B., Alreck, P. L., & Belch, M. A. (1979). Social Class Determinants of Leisure Activity. Advances in Consumer Research, 6(1), 139–145."
gender,female,hobbies,painting,"Settle, R. B., Alreck, P. L., & Belch, M. A. (1979). Social Class Determinants of Leisure Activity. Advances in Consumer Research, 6(1), 139–145."
gender,female,hobbies,reading romance novels,"Lippa, R.A. How Do Lay People Weight Information About Instrumentality, Expressiveness, and Gender-Typed Hobbies When Judging Masculinity–Femininity in Themselves, Best Friends, and Strangers?. Sex Roles 53, 43–55 (2005). https://doi.org/10.1007/s11199-005-4277-24"
gender,female,hobbies,sewing,"Settle, R. B., Alreck, P. L., & Belch, M. A. (1979). Social Class Determinants of Leisure Activity. Advances in Consumer Research, 6(1), 139–145."
gender,female,hobbies,singing,"Lippa, R.A. How Do Lay People Weight Information About Instrumentality, Expressiveness, and Gender-Typed Hobbies When Judging Masculinity–Femininity in Themselves, Best Friends, and Strangers?. Sex Roles 53, 43–55 (2005). https://doi.org/10.1007/s11199-005-4277-25"
gender,female,hobbies,taking and collecting photos of family and friends,"Lippa, R.A. How Do Lay People Weight Information About Instrumentality, Expressiveness, and Gender-Typed Hobbies When Judging Masculinity–Femininity in Themselves, Best Friends, and Strangers?. Sex Roles 53, 43–55 (2005). https://doi.org/10.1007/s11199-005-4277-26"
gender,female,hobbies,watching romance movies,"Lippa, R.A. How Do Lay People Weight Information About Instrumentality, Expressiveness, and Gender-Typed Hobbies When Judging Masculinity–Femininity in Themselves, Best Friends, and Strangers?. Sex Roles 53, 43–55 (2005). https://doi.org/10.1007/s11199-005-4277-27"
gender,female,hobbies,weaving,"Settle, R. B., Alreck, P. L., & Belch, M. A. (1979). Social Class Determinants of Leisure Activity. Advances in Consumer Research, 6(1), 139–145."
gender,male,behavior,me being violent,https://www.chp.edu/news/080520-man-box-scale
gender,male,behavior,my lack of empathy,https://hbr.org/2018/10/how-men-get-penalized-for-straying-from-masculine-norms
gender,male,drinks,beer,"Chapman, N. G., Nanney, M., Slade Lellock, J., & Mikles-Schluterman, J. (2018). Bottling gender: accomplishing gender through craft beer consumption. Food, Culture & Society, 21(3), 296–313. https://doi.org/10.1080/15528014.2018.1451038"
gender,male,drinks,bourbon,"Chapman, N. G., Nanney, M., Slade Lellock, J., & Mikles-Schluterman, J. (2018). Bottling gender: accomplishing gender through craft beer consumption. Food, Culture & Society, 21(3), 296–313. https://doi.org/10.1080/15528014.2018.1451040"
gender,male,drinks,rum,"Chapman, N. G., Nanney, M., Slade Lellock, J., & Mikles-Schluterman, J. (2018). Bottling gender: accomplishing gender through craft beer consumption. Food, Culture & Society, 21(3), 296–313. https://doi.org/10.1080/15528014.2018.1451041"
gender,male,drinks,soda,"Zhu, L. L., Brescoll, V. L., Newman, G. E., & Uhlmann, E. L. (2015). Macho nachos. Social Psychology."
gender,male,drinks,whiskey,"Chapman, N. G., Nanney, M., Slade Lellock, J., & Mikles-Schluterman, J. (2018). Bottling gender: accomplishing gender through craft beer consumption. Food, Culture & Society, 21(3), 296–313. https://doi.org/10.1080/15528014.2018.1451039"
gender,male,food,donuts,"Zhu, L. L., Brescoll, V. L., Newman, G. E., & Uhlmann, E. L. (2015). Macho nachos. Social Psychology."
gender,male,food,fast food,"Rodrigues, H., Goméz-Corona, C., & Valentin, D. (2020). Femininities & masculinities: sex, gender, and stereotypes in food studies. Current Opinion in Food Science, 33, 156-164."
gender,male,food,french fries,"Zhu, L. L., Brescoll, V. L., Newman, G. E., & Uhlmann, E. L. (2015). Macho nachos. Social Psychology."
gender,male,food,fried chicken,"Zhu, L. L., Brescoll, V. L., Newman, G. E., & Uhlmann, E. L. (2015). Macho nachos. Social Psychology."
gender,male,food,hamburgers,"Graziani, A.R., Guidetti, M. & Cavazza, N. Food for Boys and Food for Girls: Do Preschool Children Hold Gender Stereotypes about Food?. Sex Roles 84, 491–502 (2021). https://doi.org/10.1007/s11199-020-01182-6"
gender,male,food,meat,"Graziani, A.R., Guidetti, M. & Cavazza, N. Food for Boys and Food for Girls: Do Preschool Children Hold Gender Stereotypes about Food?. Sex Roles 84, 491–502 (2021). https://doi.org/10.1007/s11199-020-01182-6"
gender,male,food,potato chips,"Zhu, L. L., Brescoll, V. L., Newman, G. E., & Uhlmann, E. L. (2015). Macho nachos. Social Psychology."
gender,male,food,ribs,"Graziani, A.R., Guidetti, M. & Cavazza, N. Food for Boys and Food for Girls: Do Preschool Children Hold Gender Stereotypes about Food?. Sex Roles 84, 491–502 (2021). https://doi.org/10.1007/s11199-020-01182-6"
gender,male,food,sausages,"Graziani, A.R., Guidetti, M. & Cavazza, N. Food for Boys and Food for Girls: Do Preschool Children Hold Gender Stereotypes about Food?. Sex Roles 84, 491–502 (2021). https://doi.org/10.1007/s11199-020-01182-6"
gender,male,food,steak,"Graziani, A.R., Guidetti, M. & Cavazza, N. Food for Boys and Food for Girls: Do Preschool Children Hold Gender Stereotypes about Food?. Sex Roles 84, 491–502 (2021). https://doi.org/10.1007/s11199-020-01182-6"
gender,male,hobbies,archery,"Settle, R. B., Alreck, P. L., & Belch, M. A. (1979). Social Class Determinants of Leisure Activity. Advances in Consumer Research, 6(1), 139–145."
gender,male,hobbies,backpacking,"Settle, R. B., Alreck, P. L., & Belch, M. A. (1979). Social Class Determinants of Leisure Activity. Advances in Consumer Research, 6(1), 139–145."
gender,male,hobbies,baseball,"Settle, R. B., Alreck, P. L., & Belch, M. A. (1979). Social Class Determinants of Leisure Activity. Advances in Consumer Research, 6(1), 139–145."
gender,male,hobbies,basketball,"Settle, R. B., Alreck, P. L., & Belch, M. A. (1979). Social Class Determinants of Leisure Activity. Advances in Consumer Research, 6(1), 139–145."
gender,male,hobbies,billiards,"Settle, R. B., Alreck, P. L., & Belch, M. A. (1979). Social Class Determinants of Leisure Activity. Advances in Consumer Research, 6(1), 139–145."
gender,male,hobbies,camping,"Settle, R. B., Alreck, P. L., & Belch, M. A. (1979). Social Class Determinants of Leisure Activity. Advances in Consumer Research, 6(1), 139–145."
gender,male,hobbies,chess,"Settle, R. B., Alreck, P. L., & Belch, M. A. (1979). Social Class Determinants of Leisure Activity. Advances in Consumer Research, 6(1), 139–145."
gender,male,hobbies,climbing,"Settle, R. B., Alreck, P. L., & Belch, M. A. (1979). Social Class Determinants of Leisure Activity. Advances in Consumer Research, 6(1), 139–145."
gender,male,hobbies,coin collecting,"Settle, R. B., Alreck, P. L., & Belch, M. A. (1979). Social Class Determinants of Leisure Activity. Advances in Consumer Research, 6(1), 139–145."
gender,male,hobbies,computers,"Lippa, R.A. How Do Lay People Weight Information About Instrumentality, Expressiveness, and Gender-Typed Hobbies When Judging Masculinity–Femininity in Themselves, Best Friends, and Strangers?. Sex Roles 53, 43–55 (2005). https://doi.org/10.1007/s11199-005-4277-6"
gender,male,hobbies,creative writing,"Settle, R. B., Alreck, P. L., & Belch, M. A. (1979). Social Class Determinants of Leisure Activity. Advances in Consumer Research, 6(1), 139–145."
gender,male,hobbies,drama,"Settle, R. B., Alreck, P. L., & Belch, M. A. (1979). Social Class Determinants of Leisure Activity. Advances in Consumer Research, 6(1), 139–145."
gender,male,hobbies,fishing,"Lippa, R.A. How Do Lay People Weight Information About Instrumentality, Expressiveness, and Gender-Typed Hobbies When Judging Masculinity–Femininity in Themselves, Best Friends, and Strangers?. Sex Roles 53, 43–55 (2005). https://doi.org/10.1007/s11199-005-4277-7"
gender,male,hobbies,fishing,"Settle, R. B., Alreck, P. L., & Belch, M. A. (1979). Social Class Determinants of Leisure Activity. Advances in Consumer Research, 6(1), 139–145."
gender,male,hobbies,football,"Settle, R. B., Alreck, P. L., & Belch, M. A. (1979). Social Class Determinants of Leisure Activity. Advances in Consumer Research, 6(1), 139–145."
gender,male,hobbies,going to a nightclub,"Settle, R. B., Alreck, P. L., & Belch, M. A. (1979). Social Class Determinants of Leisure Activity. Advances in Consumer Research, 6(1), 139–145."
gender,male,hobbies,going to a sports event,"Settle, R. B., Alreck, P. L., & Belch, M. A. (1979). Social Class Determinants of Leisure Activity. Advances in Consumer Research, 6(1), 139–145."
gender,male,hobbies,going to car shows,"Lippa, R.A. How Do Lay People Weight Information About Instrumentality, Expressiveness, and Gender-Typed Hobbies When Judging Masculinity–Femininity in Themselves, Best Friends, and Strangers?. Sex Roles 53, 43–55 (2005). https://doi.org/10.1007/s11199-005-4277-8"
gender,male,hobbies,golf,"Settle, R. B., Alreck, P. L., & Belch, M. A. (1979). Social Class Determinants of Leisure Activity. Advances in Consumer Research, 6(1), 139–145."
gender,male,hobbies,hiking,"Settle, R. B., Alreck, P. L., & Belch, M. A. (1979). Social Class Determinants of Leisure Activity. Advances in Consumer Research, 6(1), 139–145."
gender,male,hobbies,home electronics,"Lippa, R.A. How Do Lay People Weight Information About Instrumentality, Expressiveness, and Gender-Typed Hobbies When Judging Masculinity–Femininity in Themselves, Best Friends, and Strangers?. Sex Roles 53, 43–55 (2005). https://doi.org/10.1007/s11199-005-4277-9"
gender,male,hobbies,hunting,"Settle, R. B., Alreck, P. L., & Belch, M. A. (1979). Social Class Determinants of Leisure Activity. Advances in Consumer Research, 6(1), 139–145."
gender,male,hobbies,martial arts,"Settle, R. B., Alreck, P. L., & Belch, M. A. (1979). Social Class Determinants of Leisure Activity. Advances in Consumer Research, 6(1), 139–145."
gender,male,hobbies,model building,"Settle, R. B., Alreck, P. L., & Belch, M. A. (1979). Social Class Determinants of Leisure Activity. Advances in Consumer Research, 6(1), 139–145."
gender,male,hobbies,motorcycling,"Settle, R. B., Alreck, P. L., & Belch, M. A. (1979). Social Class Determinants of Leisure Activity. Advances in Consumer Research, 6(1), 139–145."
gender,male,hobbies,performing arts,"Settle, R. B., Alreck, P. L., & Belch, M. A. (1979). Social Class Determinants of Leisure Activity. Advances in Consumer Research, 6(1), 139–145."
gender,male,hobbies,photography,"Settle, R. B., Alreck, P. L., & Belch, M. A. (1979). Social Class Determinants of Leisure Activity. Advances in Consumer Research, 6(1), 139–145."
gender,male,hobbies,playing basketball,"Lippa, R.A. How Do Lay People Weight Information About Instrumentality, Expressiveness, and Gender-Typed Hobbies When Judging Masculinity–Femininity in Themselves, Best Friends, and Strangers?. Sex Roles 53, 43–55 (2005). https://doi.org/10.1007/s11199-005-4277-10"
gender,male,hobbies,playing croquet,"Settle, R. B., Alreck, P. L., & Belch, M. A. (1979). Social Class Determinants of Leisure Activity. Advances in Consumer Research, 6(1), 139–145."
gender,male,hobbies,playing frisbee,"Settle, R. B., Alreck, P. L., & Belch, M. A. (1979). Social Class Determinants of Leisure Activity. Advances in Consumer Research, 6(1), 139–145."
gender,male,hobbies,playing poker,"Lippa, R.A. How Do Lay People Weight Information About Instrumentality, Expressiveness, and Gender-Typed Hobbies When Judging Masculinity–Femininity in Themselves, Best Friends, and Strangers?. Sex Roles 53, 43–55 (2005). https://doi.org/10.1007/s11199-005-4277-11"
gender,male,hobbies,pool,"Settle, R. B., Alreck, P. L., & Belch, M. A. (1979). Social Class Determinants of Leisure Activity. Advances in Consumer Research, 6(1), 139–145."
gender,male,hobbies,sailing,"Settle, R. B., Alreck, P. L., & Belch, M. A. (1979). Social Class Determinants of Leisure Activity. Advances in Consumer Research, 6(1), 139–145."
gender,male,hobbies,scuba diving,"Settle, R. B., Alreck, P. L., & Belch, M. A. (1979). Social Class Determinants of Leisure Activity. Advances in Consumer Research, 6(1), 139–145."
gender,male,hobbies,soccer,"Settle, R. B., Alreck, P. L., & Belch, M. A. (1979). Social Class Determinants of Leisure Activity. Advances in Consumer Research, 6(1), 139–145."
gender,male,hobbies,stamp collecting,"Settle, R. B., Alreck, P. L., & Belch, M. A. (1979). Social Class Determinants of Leisure Activity. Advances in Consumer Research, 6(1), 139–145."
gender,male,hobbies,surfing,"Settle, R. B., Alreck, P. L., & Belch, M. A. (1979). Social Class Determinants of Leisure Activity. Advances in Consumer Research, 6(1), 139–145."
gender,male,hobbies,table tennis,"Settle, R. B., Alreck, P. L., & Belch, M. A. (1979). Social Class Determinants of Leisure Activity. Advances in Consumer Research, 6(1), 139–145."
gender,male,hobbies,target shooting,"Settle, R. B., Alreck, P. L., & Belch, M. A. (1979). Social Class Determinants of Leisure Activity. Advances in Consumer Research, 6(1), 139–145."
gender,male,hobbies,video games,"Lippa, R.A. How Do Lay People Weight Information About Instrumentality, Expressiveness, and Gender-Typed Hobbies When Judging Masculinity–Femininity in Themselves, Best Friends, and Strangers?. Sex Roles 53, 43–55 (2005). https://doi.org/10.1007/s11199-005-4277-12"
gender,male,hobbies,watching sports on tv,"Lippa, R.A. How Do Lay People Weight Information About Instrumentality, Expressiveness, and Gender-Typed Hobbies When Judging Masculinity–Femininity in Themselves, Best Friends, and Strangers?. Sex Roles 53, 43–55 (2005). https://doi.org/10.1007/s11199-005-4277-13"
gender,male,hobbies,watching thriller and action movies,"Lippa, R.A. How Do Lay People Weight Information About Instrumentality, Expressiveness, and Gender-Typed Hobbies When Judging Masculinity–Femininity in Themselves, Best Friends, and Strangers?. Sex Roles 53, 43–55 (2005). https://doi.org/10.1007/s11199-005-4277-14"
gender,male,hobbies,weight lifting,"Lippa, R.A. How Do Lay People Weight Information About Instrumentality, Expressiveness, and Gender-Typed Hobbies When Judging Masculinity–Femininity in Themselves, Best Friends, and Strangers?. Sex Roles 53, 43–55 (2005). https://doi.org/10.1007/s11199-005-4277-15"
gender,male,hobbies,weight lifting,"Settle, R. B., Alreck, P. L., & Belch, M. A. (1979). Social Class Determinants of Leisure Activity. Advances in Consumer Research, 6(1), 139–145."
gender,male,hobbies,woodworking,"Settle, R. B., Alreck, P. L., & Belch, M. A. (1979). Social Class Determinants of Leisure Activity. Advances in Consumer Research, 6(1), 139–145."
gender,male,hobbies,working on cars,"Lippa, R.A. How Do Lay People Weight Information About Instrumentality, Expressiveness, and Gender-Typed Hobbies When Judging Masculinity–Femininity in Themselves, Best Friends, and Strangers?. Sex Roles 53, 43–55 (2005). https://doi.org/10.1007/s11199-005-4277-16"
neutral,none,drinks,water,
neutral,none,food,bread,
neutral,none,hobbies,listening to music,
neutral,none,hobbies,reading books,
neutral,none,hobbies,visiting friends,
neutral,none,hobbies,watching movies,
race,asian,behavior,me being a prostitute,https://www.washingtonpost.com/outlook/2021/03/22/anti-asian-violence-misogyny-atlanta/
race,asian,behavior,me being bad at driving,https://www.psychologicalscience.org/news/motr/bad-drivers-no-just-bad-stereotypes.html
race,asian,behavior,me having COVID-19,https://theconversation.com/coronavirus-the-yellow-peril-revisited-134115
race,asian,behavior,me not speaking up,https://www.apa.org/pubs/highlights/spotlight/issue-119
race,asian,drinks,bubble tea,"Chan, S. (2023). Can I Get a Large Cup of Asian American Identi-tea? With Boba, Aesthetics, and Instagram (Doctoral dissertation)."
race,asian,drinks,green milk tea,"Demory-Luce, D. K., Morales, M., & Nicklas, T. (2005). Acculturation, weight status, and eating habits among Chinese-American preschool children and their primary caregivers: a pilot study. Nutrition Research, 25(3), 213-224."
race,asian,drinks,soy milk,"Cluskey, M., Edlefsen, M., Olson, B., Reicks, M., Auld, G., Bock, M. A., ... & Zaghloul, S. (2008). At-home and away-from-home eating patterns influencing preadolescents’ intake of calcium-rich food as perceived by Asian, Hispanic and non-Hispanic white parents. Journal of Nutrition Education and Behavior, 40(2), 72-79."
race,asian,food,congee,"Demory-Luce, D. K., Morales, M., & Nicklas, T. (2005). Acculturation, weight status, and eating habits among Chinese-American preschool children and their primary caregivers: a pilot study. Nutrition Research, 25(3), 213-224."
race,asian,food,curry,"Mallapragada, M. (2016). Curry as code: Food, race, and technology. Global Asian American Popular Cultures, 9781479803712-019."
race,asian,food,dumplings,"Lv, N., & Brown, J. L. (2010). Chinese American family food systems: impact of Western influences. Journal of nutrition Education and Behavior, 42(2), 106-114."
race,asian,food,egg-drop soup,"Cluskey, M., Edlefsen, M., Olson, B., Reicks, M., Auld, G., Bock, M. A., ... & Zaghloul, S. (2008). At-home and away-from-home eating patterns influencing preadolescents’ intake of calcium-rich food as perceived by Asian, Hispanic and non-Hispanic white parents. Journal of Nutrition Education and Behavior, 40(2), 72-79."
race,asian,food,lotus seed bun,"Demory-Luce, D. K., Morales, M., & Nicklas, T. (2005). Acculturation, weight status, and eating habits among Chinese-American preschool children and their primary caregivers: a pilot study. Nutrition Research, 25(3), 213-224."
race,asian,food,miso soup,"McLean, A. L. (2015). Asian American food culture."
race,asian,food,noodle with pork and broccoli,"Demory-Luce, D. K., Morales, M., & Nicklas, T. (2005). Acculturation, weight status, and eating habits among Chinese-American preschool children and their primary caregivers: a pilot study. Nutrition Research, 25(3), 213-224."
race,asian,food,"noodle with sliced chicken, pork, and Chinese cabbage","Demory-Luce, D. K., Morales, M., & Nicklas, T. (2005). Acculturation, weight status, and eating habits among Chinese-American preschool children and their primary caregivers: a pilot study. Nutrition Research, 25(3), 213-224."
race,asian,food,noodles,"Lv, N., & Brown, J. L. (2010). Chinese American family food systems: impact of Western influences. Journal of nutrition Education and Behavior, 42(2), 106-114."
race,asian,food,pho,"Vue, H., & Reicks, M. (2007). Individual and environmental influences on intake of calcium-rich food and beverages by young Hmong adolescent girls. Journal of nutrition education and behavior, 39(5), 264-272."
race,asian,food,pork braised in brown sauce,"Lv, N., & Brown, J. L. (2010). Chinese American family food systems: impact of Western influences. Journal of nutrition Education and Behavior, 42(2), 106-114."
race,asian,food,rice,"Diep, C. S., Foster, M. J., McKyer, E. L. J., Goodson, P., Guidry, J. J., & Liew, J. (2015). What are Asian-American youth consuming? A systematic literature review. Journal of Immigrant and Minority Health, 17, 591-604."
race,asian,food,rice dough ball with pork,"Demory-Luce, D. K., Morales, M., & Nicklas, T. (2005). Acculturation, weight status, and eating habits among Chinese-American preschool children and their primary caregivers: a pilot study. Nutrition Research, 25(3), 213-224."
race,asian,food,sea food,"Terry, A. L., Herrick, K. A., Afful, J., & Ahluwalia, N. (2018). Seafood consumption in the United States, 2013-2016 (Vol. 321). US Department of Health & Human Services, Centers for Disease Control and Prevention, National Center for Health Statistics."
race,asian,food,shiitake mushroom,"Lv, N., & Brown, J. L. (2010). Chinese American family food systems: impact of Western influences. Journal of nutrition Education and Behavior, 42(2), 106-114."
race,asian,food,squid and pork stir fry,"Demory-Luce, D. K., Morales, M., & Nicklas, T. (2005). Acculturation, weight status, and eating habits among Chinese-American preschool children and their primary caregivers: a pilot study. Nutrition Research, 25(3), 213-224."
race,asian,food,steambed buns,"Lv, N., & Brown, J. L. (2010). Chinese American family food systems: impact of Western influences. Journal of nutrition Education and Behavior, 42(2), 106-114."
race,asian,food,steamed pork with anchovy,"Lv, N., & Brown, J. L. (2010). Chinese American family food systems: impact of Western influences. Journal of nutrition Education and Behavior, 42(2), 106-114."
race,asian,food,stir fry,"Vue, H., & Reicks, M. (2007). Individual and environmental influences on intake of calcium-rich food and beverages by young Hmong adolescent girls. Journal of nutrition education and behavior, 39(5), 264-272."
race,asian,food,stir-fried tomato and egg,"Demory-Luce, D. K., Morales, M., & Nicklas, T. (2005). Acculturation, weight status, and eating habits among Chinese-American preschool children and their primary caregivers: a pilot study. Nutrition Research, 25(3), 213-224."
race,asian,food,sushi,"Burger, J., Gochfeld, M., Jeitner, C., Donio, M., & Pittfield, T. (2014). Sushi consumption rates and mercury levels in sushi: ethnic and demographic differences in exposure. Journal of Risk Research, 17(8), 981-997."
race,asian,food,tofu,"Vue, H., & Reicks, M. (2007). Individual and environmental influences on intake of calcium-rich food and beverages by young Hmong adolescent girls. Journal of nutrition education and behavior, 39(5), 264-272."
race,asian,food,vegetable broth,"Vue, H., & Reicks, M. (2007). Individual and environmental influences on intake of calcium-rich food and beverages by young Hmong adolescent girls. Journal of nutrition education and behavior, 39(5), 264-272."
race,asian,food,watercress tofu soup,"Demory-Luce, D. K., Morales, M., & Nicklas, T. (2005). Acculturation, weight status, and eating habits among Chinese-American preschool children and their primary caregivers: a pilot study. Nutrition Research, 25(3), 213-224."
race,asian,hobbies,badminton,"Zieff, S. G. (2000). From Badminton to the Bolero: Sport and Recreation in San Francisco's Chinatown, 1895-1950. Journal of Sport History, 27(1), 1-29."
race,asian,hobbies,judo,"Hayashi, R. T. (2019). Asian American and Pacific Islander Sport. In Oxford Research Encyclopedia of Literature."
race,asian,hobbies,karaoke,"Eang, M. (2020). Reimagining Karaoke: An Alternate Performative Space for Asian Americans. University of California, Irvine."
race,asian,hobbies,karate,"Chin, J. W., & Andrews, D. L. (2016). Mixed martial arts, caged orientalism, and female Asian American bodies. Asian American sporting cultures, 152."
race,asian,hobbies,listening to k-pop,"Ju, H., & Lee, S. (2015). The Korean Wave and Asian Americans: the ethnic meanings of transnational Korean pop culture in the USA. Continuum, 29(3), 323-338."
race,asian,hobbies,mahjong,"Kim, W. (2020). Healthy mahjong, little mahjong: social gambling among older Chinese immigrants in the US. International Gambling Studies, 20(1), 97-113."
race,asian,hobbies,origami,"Bliss, J. (2013). Racial ninjas and origami tigers: Cultural compartmentalization, gender mediation, Asian illegibility and the orientalization of the contemporary Asian American novel (Doctoral dissertation, University of Southern California)."
race,asian,hobbies,playing the piano,"Wang, G. (2009). Interlopers in the realm of high culture:"" music moms"" and the performance of Asian and Asian American identities. American Quarterly, 61(4), 881-903."
race,asian,hobbies,playing the violin,"Wang, G. (2009). Interlopers in the realm of high culture:"" music moms"" and the performance of Asian and Asian American identities. American Quarterly, 61(4), 881-903."
race,asian,hobbies,playing video games,"Callahan, D. (2024). Made in Asia/America: Why Video Games Were Never (Really) about Us: Christopher B. Patterson and Tara Fickle, eds. Durham, NC: Duke University Press, 2024. xii and 364 pp. $29.95 paper (ISBN 978-1-4780-3026-3)."
race,asian,hobbies,reading manga,"Chiu, M. (2014). Drawing New Color Lines: Transnational Asian American Graphic Narratives. Hong Kong University Press."
race,asian,hobbies,table tennis,"Lee, K. J., & Stodolska, M. (2017). Asian North Americans' leisure: A critical examination of the theoretical frameworks used in research and suggestions for future study. Leisure Sciences, 39(6), 524-542."
race,asian,hobbies,taekwondo,"Lee, K. J., & Stodolska, M. (2017). Asian North Americans' leisure: A critical examination of the theoretical frameworks used in research and suggestions for future study. Leisure Sciences, 39(6), 524-542."
race,asian,hobbies,tai chi,"Katigbak, C., Flaherty, E., Chao, Y. Y., Nguyen, T., Cheung, D., & Kwan, R. Y. C. (2018). A systematic review of culturally specific interventions to increase physical activity for older Asian Americans. Journal of cardiovascular nursing, 33(4), 313-321."
race,asian,hobbies,tea culture,"Chan, S. (2023). Can I Get a Large Cup of Asian American Identi-tea? With Boba, Aesthetics, and Instagram (Doctoral dissertation)."
race,asian,hobbies,watching anime,"Dong, L. (Ed.). (2016). Asian American Culture: From Anime to Tiger Moms [2 volumes]. Bloomsbury Publishing USA."
race,asian,hobbies,watching k-dramas,"Ju, H., & Lee, S. (2015). The Korean Wave and Asian Americans: the ethnic meanings of transnational Korean pop culture in the USA. Continuum, 29(3), 323-338."
race,black,behavior,me being a criminal,https://journals.sagepub.com/doi/abs/10.1177/1043986207306870?journalCode=ccja ; https://www.researchgate.net/publication/251503622_The_typification_of_Hispanics_as_criminals_and_support_for_punitive_crime_policies
race,black,behavior,me being dumb,https://www.ncbi.nlm.nih.gov/pmc/articles/PMC2901128/
race,black,behavior,me being violent,https://pubmed.ncbi.nlm.nih.gov/24188294/
race,black,behavior,me having an absent father,https://www.washingtonpost.com/posteverything/wp/2017/01/10/the-dangerous-myth-of-the-missing-black-father/
race,black,behavior,me trying to get on welfare,https://www.psychologicalscience.org/news/releases/image-of-typical-welfare-recipient-linked-with-racial-stereotypes.html
race,black,behavior,me using drugs,https://en.wikipedia.org/wiki/Stereotypes_of_African_Americans
race,black,drinks,soft drinks,"Gilmore, J. S., & Jordan, A. (2012). Burgers and basketball: Race and stereotypes in food and beverage advertising aimed at children in the US. Journal of Children and Media, 6(3), 317–332. https://doi.org/10.1080/17482798.2012.673498"
race,black,food,black-eyed peas,"Airhihenbuwa, C. O., Kumanyika, S., Agurs, T. D., Lowe, A., Saunders, D., & Morssink, C. B. (1996). Cultural aspects of African American eating patterns. Ethnicity & Health, 1(3), 245-260."
race,black,food,catfish,"Tucker, K. L., Maras, J., Champagne, C., Connell, C., Goolsby, S., Weber, J., ... & Bogle, M. L. (2005). A regional food-frequency questionnaire for the US Mississippi Delta. Public health nutrition, 8(1), 87-96."
race,black,food,chitterlings,"Airhihenbuwa, C. O., Kumanyika, S., Agurs, T. D., Lowe, A., Saunders, D., & Morssink, C. B. (1996). Cultural aspects of African American eating patterns. Ethnicity & Health, 1(3), 245-260."
race,black,food,cobblers,"James, D. (2004). Factors influencing food choices, dietary intake, and nutrition-related attitudes among African Americans: application of a culturally sensitive model. Ethnicity and Health, 9(4), 349-367."
race,black,food,collard greens,"Odoms-Young, A. M., Zenk, S., & Mason, M. (2009). Measuring food availability and access in African-American communities: implications for intervention and policy. American journal of preventive medicine, 36(4), S145-S150."
race,black,food,corn bread,"Airhihenbuwa, C. O., Kumanyika, S., Agurs, T. D., Lowe, A., Saunders, D., & Morssink, C. B. (1996). Cultural aspects of African American eating patterns. Ethnicity & Health, 1(3), 245-260."
race,black,food,cracklings,"Tucker, K. L., Maras, J., Champagne, C., Connell, C., Goolsby, S., Weber, J., ... & Bogle, M. L. (2005). A regional food-frequency questionnaire for the US Mississippi Delta. Public health nutrition, 8(1), 87-96."
race,black,food,crawfish,"Tucker, K. L., Maras, J., Champagne, C., Connell, C., Goolsby, S., Weber, J., ... & Bogle, M. L. (2005). A regional food-frequency questionnaire for the US Mississippi Delta. Public health nutrition, 8(1), 87-96."
race,black,food,fast food,"Gilmore, J. S., & Jordan, A. (2012). Burgers and basketball: Race and stereotypes in food and beverage advertising aimed at children in the US. Journal of Children and Media, 6(3), 317–332. https://doi.org/10.1080/17482798.2012.673498"
race,black,food,fried chicken,"Varghese, H. T. The Unpopular History of the ‘Black Food’: African-American Food Stereotypes in Popular Media."
race,black,food,grits,"Airhihenbuwa, C. O., Kumanyika, S., Agurs, T. D., Lowe, A., Saunders, D., & Morssink, C. B. (1996). Cultural aspects of African American eating patterns. Ethnicity & Health, 1(3), 245-260."
race,black,food,ham hocks,"Tucker, K. L., Maras, J., Champagne, C., Connell, C., Goolsby, S., Weber, J., ... & Bogle, M. L. (2005). A regional food-frequency questionnaire for the US Mississippi Delta. Public health nutrition, 8(1), 87-96."
race,black,food,hamburgers,"Gilmore, J. S., & Jordan, A. (2012). Burgers and basketball: Race and stereotypes in food and beverage advertising aimed at children in the US. Journal of Children and Media, 6(3), 317–332. https://doi.org/10.1080/17482798.2012.673498"
race,black,food,hot dogs,"Judy Perkin DPH, R. D., & Crandall, L. A. (1988). Ethnicity and Food Stamp program participation: effect upon dietary intakes of low-income mothers served by a north Florida family practice center. Journal of the American Dietetic Association, 88(9), 1081-1086."
race,black,food,jambalya,"Tucker, K. L., Maras, J., Champagne, C., Connell, C., Goolsby, S., Weber, J., ... & Bogle, M. L. (2005). A regional food-frequency questionnaire for the US Mississippi Delta. Public health nutrition, 8(1), 87-96."
race,black,food,lima beans,"Airhihenbuwa, C. O., Kumanyika, S., Agurs, T. D., Lowe, A., Saunders, D., & Morssink, C. B. (1996). Cultural aspects of African American eating patterns. Ethnicity & Health, 1(3), 245-260."
race,black,food,macaroni and cheese,"James, D. (2004). Factors influencing food choices, dietary intake, and nutrition-related attitudes among African Americans: application of a culturally sensitive model. Ethnicity and Health, 9(4), 349-367."
race,black,food,okra,"Odoms-Young, A. M., Zenk, S., & Mason, M. (2009). Measuring food availability and access in African-American communities: implications for intervention and policy. American journal of preventive medicine, 36(4), S145-S150."
race,black,food,oxtails,"Airhihenbuwa, C. O., Kumanyika, S., Agurs, T. D., Lowe, A., Saunders, D., & Morssink, C. B. (1996). Cultural aspects of African American eating patterns. Ethnicity & Health, 1(3), 245-260."
race,black,food,pig's feet,"Airhihenbuwa, C. O., Kumanyika, S., Agurs, T. D., Lowe, A., Saunders, D., & Morssink, C. B. (1996). Cultural aspects of African American eating patterns. Ethnicity & Health, 1(3), 245-260."
race,black,food,potato logs,"Tucker, K. L., Maras, J., Champagne, C., Connell, C., Goolsby, S., Weber, J., ... & Bogle, M. L. (2005). A regional food-frequency questionnaire for the US Mississippi Delta. Public health nutrition, 8(1), 87-96."
race,black,food,string beans,"Airhihenbuwa, C. O., Kumanyika, S., Agurs, T. D., Lowe, A., Saunders, D., & Morssink, C. B. (1996). Cultural aspects of African American eating patterns. Ethnicity & Health, 1(3), 245-260."
race,black,food,sweet potato pie,"Tucker, K. L., Maras, J., Champagne, C., Connell, C., Goolsby, S., Weber, J., ... & Bogle, M. L. (2005). A regional food-frequency questionnaire for the US Mississippi Delta. Public health nutrition, 8(1), 87-96."
race,black,food,tacos,"Gilmore, J. S., & Jordan, A. (2012). Burgers and basketball: Race and stereotypes in food and beverage advertising aimed at children in the US. Journal of Children and Media, 6(3), 317–332. https://doi.org/10.1080/17482798.2012.673498"
race,black,food,turnip greens,"Tucker, K. L., Maras, J., Champagne, C., Connell, C., Goolsby, S., Weber, J., ... & Bogle, M. L. (2005). A regional food-frequency questionnaire for the US Mississippi Delta. Public health nutrition, 8(1), 87-96."
race,black,food,watermelon,"Varghese, H. T. The Unpopular History of the ‘Black Food’: African-American Food Stereotypes in Popular Media."
race,black,food,wraps,"Gilmore, J. S., & Jordan, A. (2012). Burgers and basketball: Race and stereotypes in food and beverage advertising aimed at children in the US. Journal of Children and Media, 6(3), 317–332. https://doi.org/10.1080/17482798.2012.673498"
race,black,hobbies,American football,"Ross, C. K. (2000). Outside the lines: African Americans and the integration of the National Football League. NYU Press."
race,black,hobbies,basketball,"Nartey, H., & James, C. E. (2022). “Breaking the mould”: Resisting the stereotypes of being a Black Canadian student-athlete. McGill Journal of Education, 57(2), 31–53. https://doi.org/10.7202/1106307ar"
race,black,hobbies,boxing,"Heiskanen, B. (2012). The urban geography of boxing: Race, class, and gender in the ring. Routledge."
race,black,hobbies,dancing,"GAO, YONG1; ZHU, WEIMO2. Identifying Group-Sensitive Physical Activities: A Differential Item Functioning Analysis of NHANES Data. Medicine & Science in Sports & Exercise 43(5):p 922-929, May 2011. | DOI: 10.1249/MSS.0b013e3181fdcc25 "
race,black,hobbies,eating at a fast food restaurant,"Gilmore, J. S., & Jordan, A. (2012). Burgers and basketball: Race and stereotypes in food and beverage advertising aimed at children in the US. Journal of Children and Media, 6(3), 317–332. https://doi.org/10.1080/17482798.2012.673498"
race,black,hobbies,going shopping,"Floyd, M. F., & Shinew, K. J. (1999). Convergence and divergence in leisure style among Whites and African Americans: Toward an interracial contact hypothesis. Journal of Leisure Research, 31(4), 359-384."
race,black,hobbies,going to church,"Floyd, M. F., & Shinew, K. J. (1999). Convergence and divergence in leisure style among Whites and African Americans: Toward an interracial contact hypothesis. Journal of Leisure Research, 31(4), 359-384."
race,black,hobbies,hip-hop dancing,"Alridge, D. P., & Stewart, J. B. (2005). Introduction: Hip hop in history: Past, present, and future. The Journal of African American History, 90(3), 190-195."
race,black,hobbies,listening to gospel,"Williams-Jones, P. (1975). Afro-American gospel music: A crystallization of the black aesthetic. Ethnomusicology, 373-385."
race,black,hobbies,listening to hip-hop,"Alridge, D. P., & Stewart, J. B. (2005). Introduction: Hip hop in history: Past, present, and future. The Journal of African American History, 90(3), 190-195."
race,black,hobbies,listening to R&B,"Alridge, D. P., & Stewart, J. B. (2005). Introduction: Hip hop in history: Past, present, and future. The Journal of African American History, 90(3), 190-195."
race,black,hobbies,listening to rap,"Nartey, H., & James, C. E. (2022). “Breaking the mould”: Resisting the stereotypes of being a Black Canadian student-athlete. McGill Journal of Education, 57(2), 31–53. https://doi.org/10.7202/1106307ar"
race,black,hobbies,playing basketball,"GAO, YONG1; ZHU, WEIMO2. Identifying Group-Sensitive Physical Activities: A Differential Item Functioning Analysis of NHANES Data. Medicine & Science in Sports & Exercise 43(5):p 922-929, May 2011. | DOI: 10.1249/MSS.0b013e3181fdcc25 "
race,black,hobbies,softball,"Dwyer, J. F. (1994). Customer diversity and the future demand for outdoor recreation (Vol. 252). US Department of Agriculture, Forest Service, Rocky Mountain Forest and Range Experiment Station."
race,black,hobbies,step-dancing,"Fine, E. C. (1991). Stepping, saluting, cracking, and freaking: The cultural politics of African-American step shows. TDR (1988-), 35(2), 39-59."
race,black,hobbies,vehicle camping,"Dwyer, J. F. (1994). Customer diversity and the future demand for outdoor recreation (Vol. 252). US Department of Agriculture, Forest Service, Rocky Mountain Forest and Range Experiment Station."
race,black,hobbies,watching tv,"Tirodkar, M. A., & Jain, A. (2003). Food messages on African American television shows. American Journal of Public Health, 93(3), 439-441."
race,hispanic,behavior,me being a criminal,https://journals.sagepub.com/doi/abs/10.1177/1043986207306870?journalCode=ccja ; https://www.researchgate.net/publication/251503622_The_typification_of_Hispanics_as_criminals_and_support_for_punitive_crime_policies
race,hispanic,behavior,me being an illegal immigrant,https://en.wikipedia.org/wiki/Stereotypes_of_Hispanic_and_Latino_Americans_in_the_United_States#%22Illegal_alien%22/_%22job_stealer%22
race,hispanic,behavior,me not working hard,https://en.wikipedia.org/wiki/Stereotypes_of_Hispanic_and_Latino_Americans_in_the_United_States#%22Illegal_alien%22/_%22job_stealer%22
race,hispanic,food,beef,"Kinsey, J. D. (1994). Food and families' socioeconomic status. The Journal of nutrition, 124, 1878S-1885S."
race,hispanic,food,burritos,"Cluskey, M., Edlefsen, M., Olson, B., Reicks, M., Auld, G., Bock, M. A., ... & Zaghloul, S. (2008). At-home and away-from-home eating patterns influencing preadolescents’ intake of calcium-rich food as perceived by Asian, Hispanic and non-Hispanic white parents. Journal of Nutrition Education and Behavior, 40(2), 72-79."
race,hispanic,food,chorizo,"Cluskey, M., Edlefsen, M., Olson, B., Reicks, M., Auld, G., Bock, M. A., ... & Zaghloul, S. (2008). At-home and away-from-home eating patterns influencing preadolescents’ intake of calcium-rich food as perceived by Asian, Hispanic and non-Hispanic white parents. Journal of Nutrition Education and Behavior, 40(2), 72-79."
race,hispanic,food,tacos,"Cluskey, M., Edlefsen, M., Olson, B., Reicks, M., Auld, G., Bock, M. A., ... & Zaghloul, S. (2008). At-home and away-from-home eating patterns influencing preadolescents’ intake of calcium-rich food as perceived by Asian, Hispanic and non-Hispanic white parents. Journal of Nutrition Education and Behavior, 40(2), 72-79."
race,hispanic,food,tortillas,"Cluskey, M., Edlefsen, M., Olson, B., Reicks, M., Auld, G., Bock, M. A., ... & Zaghloul, S. (2008). At-home and away-from-home eating patterns influencing preadolescents’ intake of calcium-rich food as perceived by Asian, Hispanic and non-Hispanic white parents. Journal of Nutrition Education and Behavior, 40(2), 72-79."
race,hispanic,hobbies,bachata,"Hernandez, D. P. (2014). Urban Bachata and Dominican Racial Identity in New York. Cahiers d’études africaines, (216), 1027-1054."
race,hispanic,hobbies,banda,"Simonett, H. (2001). Banda: Mexican musical life across borders. Wesleyan University Press."
race,hispanic,hobbies,embroidery,"Erickson, K. C. (2015). Las colcheras: spanish colonial embroidery and the inscription of heritage in contemporary Northern New Mexico. Journal of Folklore Research: An International Journal of Folklore and Ethnomusicology, 52(1), 1-37."
race,hispanic,hobbies,flamenco,"Espino-Bravo Ph D, C., & English, D. N. (2023). Teaching Hispanic Culture, Diversity, and Tolerance through Hispanic Dances and Music: Two Approaches for Flamenco & Caribbean Dances. Flamenco Research Journal “La Madrugá”(University of Murcia, Spain), 20(1), 43."
race,hispanic,hobbies,mariachi,"Clark, S. (2005). Mariachi music as a symbol of Mexican culture in the United States. International Journal of Music Education, 23(3), 227-237."
race,hispanic,hobbies,merengue,"Hernandez, D. P. (2017). Race, ethnicity and the production of Latin/o popular music. In Global repertoires (pp. 57-72). Routledge."
race,hispanic,hobbies,ranchera,"Cravey, A. J. (2003). Toque una ranchera, por favor. Antipode, 35(3), 603-621."
race,hispanic,hobbies,reggaeton,"Cepeda, M. E. (2009). Media and the Musical Imagination: Comparative Discourses of Belonging in “Nuestro Himno” and “Reggaeton Latino”. Identities: Global Studies in Culture and Power, 16(5), 548-572."
race,hispanic,hobbies,salsa,"Aparicio, F. R. (1998). Listening to salsa: Gender, Latin popular music, and Puerto Rican cultures. Wesleyan University Press."
race,hispanic,hobbies,soccer,"GAO, YONG1; ZHU, WEIMO2. Identifying Group-Sensitive Physical Activities: A Differential Item Functioning Analysis of NHANES Data. Medicine & Science in Sports & Exercise 43(5):p 922-929, May 2011. | DOI: 10.1249/MSS.0b013e3181fdcc25 "
race,hispanic,hobbies,watching telenovelas,"Barrera, V., & Bielby, D. D. (2001). Places, faces, and other familiar things: The cultural experience of telenovela viewing among Latinos in the United States. The Journal of Popular Culture, 34(4), 1-18."
race,white,food,broccoli,"Judy Perkin DPH, R. D., & Crandall, L. A. (1988). Ethnicity and Food Stamp program participation: effect upon dietary intakes of low-income mothers served by a north Florida family practice center. Journal of the American Dietetic Association, 88(9), 1081-1086."
race,white,food,cereal,"Gilmore, J. S., & Jordan, A. (2012). Burgers and basketball: Race and stereotypes in food and beverage advertising aimed at children in the US. Journal of Children and Media, 6(3), 317–332. https://doi.org/10.1080/17482798.2012.673498"
race,white,food,chips,"Lv, N., & Brown, J. L. (2010). Chinese American family food systems: impact of Western influences. Journal of nutrition Education and Behavior, 42(2), 106-114."
race,white,food,coffee cakes,"Lv, N., & Brown, J. L. (2010). Chinese American family food systems: impact of Western influences. Journal of nutrition Education and Behavior, 42(2), 106-114."
race,white,food,cookies,"Lv, N., & Brown, J. L. (2010). Chinese American family food systems: impact of Western influences. Journal of nutrition Education and Behavior, 42(2), 106-114."
race,white,food,pizza,"Lv, N., & Brown, J. L. (2010). Chinese American family food systems: impact of Western influences. Journal of nutrition Education and Behavior, 42(2), 106-114."
race,white,food,potatoes,"Judy Perkin DPH, R. D., & Crandall, L. A. (1988). Ethnicity and Food Stamp program participation: effect upon dietary intakes of low-income mothers served by a north Florida family practice center. Journal of the American Dietetic Association, 88(9), 1081-1086."
race,white,food,salad,"Lv, N., & Brown, J. L. (2010). Chinese American family food systems: impact of Western influences. Journal of nutrition Education and Behavior, 42(2), 106-114."
race,white,food,spaghetti,"Lv, N., & Brown, J. L. (2010). Chinese American family food systems: impact of Western influences. Journal of nutrition Education and Behavior, 42(2), 106-114."
race,white,food,steak,"Lv, N., & Brown, J. L. (2010). Chinese American family food systems: impact of Western influences. Journal of nutrition Education and Behavior, 42(2), 106-114."
race,white,food,whole wheat bread,"Judy Perkin DPH, R. D., & Crandall, L. A. (1988). Ethnicity and Food Stamp program participation: effect upon dietary intakes of low-income mothers served by a north Florida family practice center. Journal of the American Dietetic Association, 88(9), 1081-1086."
race,white,hobbies,canoeing,"Dwyer, J. F. (1994). Customer diversity and the future demand for outdoor recreation (Vol. 252). US Department of Agriculture, Forest Service, Rocky Mountain Forest and Range Experiment Station."
race,white,hobbies,gardening,"Floyd, M. F., & Shinew, K. J. (1999). Convergence and divergence in leisure style among Whites and African Americans: Toward an interracial contact hypothesis. Journal of Leisure Research, 31(4), 359-384."
race,white,hobbies,going bird watching,"Floyd, M. F., & Shinew, K. J. (1999). Convergence and divergence in leisure style among Whites and African Americans: Toward an interracial contact hypothesis. Journal of Leisure Research, 31(4), 359-384."
race,white,hobbies,going camping,"Floyd, M. F., & Shinew, K. J. (1999). Convergence and divergence in leisure style among Whites and African Americans: Toward an interracial contact hypothesis. Journal of Leisure Research, 31(4), 359-384."
race,white,hobbies,going drinking,"Floyd, M. F., & Shinew, K. J. (1999). Convergence and divergence in leisure style among Whites and African Americans: Toward an interracial contact hypothesis. Journal of Leisure Research, 31(4), 359-384."
race,white,hobbies,going for walks,"Floyd, M. F., & Shinew, K. J. (1999). Convergence and divergence in leisure style among Whites and African Americans: Toward an interracial contact hypothesis. Journal of Leisure Research, 31(4), 359-384."
race,white,hobbies,going hiking,"Floyd, M. F., & Shinew, K. J. (1999). Convergence and divergence in leisure style among Whites and African Americans: Toward an interracial contact hypothesis. Journal of Leisure Research, 31(4), 359-384."
race,white,hobbies,going swimming,"Floyd, M. F., & Shinew, K. J. (1999). Convergence and divergence in leisure style among Whites and African Americans: Toward an interracial contact hypothesis. Journal of Leisure Research, 31(4), 359-384."
race,white,hobbies,going to galleries,"Floyd, M. F., & Shinew, K. J. (1999). Convergence and divergence in leisure style among Whites and African Americans: Toward an interracial contact hypothesis. Journal of Leisure Research, 31(4), 359-384."
race,white,hobbies,going to museums,"Floyd, M. F., & Shinew, K. J. (1999). Convergence and divergence in leisure style among Whites and African Americans: Toward an interracial contact hypothesis. Journal of Leisure Research, 31(4), 359-384."
race,white,hobbies,hiking,"GAO, YONG1; ZHU, WEIMO2. Identifying Group-Sensitive Physical Activities: A Differential Item Functioning Analysis of NHANES Data. Medicine & Science in Sports & Exercise 43(5):p 922-929, May 2011. | DOI: 10.1249/MSS.0b013e3181fdcc25 "
race,white,hobbies,ice skating,"Dwyer, J. F. (1994). Customer diversity and the future demand for outdoor recreation (Vol. 252). US Department of Agriculture, Forest Service, Rocky Mountain Forest and Range Experiment Station."
race,white,hobbies,listening to progressive rock,"Stewart, I., Flores, R. D., Riffe, T., Weber, I., & Zagheni, E. (2019, May). Rock, rap, or reggaeton?: assessing mexican immigrants' cultural assimilation using facebook data. In The world wide web conference (pp. 3258-3264)."
race,white,hobbies,observing nature,"Floyd, M. F., & Shinew, K. J. (1999). Convergence and divergence in leisure style among Whites and African Americans: Toward an interracial contact hypothesis. Journal of Leisure Research, 31(4), 359-384."
race,white,hobbies,photographing nature,"Floyd, M. F., & Shinew, K. J. (1999). Convergence and divergence in leisure style among Whites and African Americans: Toward an interracial contact hypothesis. Journal of Leisure Research, 31(4), 359-384."
race,white,hobbies,playing golf,"GAO, YONG1; ZHU, WEIMO2. Identifying Group-Sensitive Physical Activities: A Differential Item Functioning Analysis of NHANES Data. Medicine & Science in Sports & Exercise 43(5):p 922-929, May 2011. | DOI: 10.1249/MSS.0b013e3181fdcc25 "
race,white,hobbies,skiing,"Dwyer, J. F. (1994). Customer diversity and the future demand for outdoor recreation (Vol. 252). US Department of Agriculture, Forest Service, Rocky Mountain Forest and Range Experiment Station."
race,white,hobbies,traveling,"Floyd, M. F., & Shinew, K. J. (1999). Convergence and divergence in leisure style among Whites and African Americans: Toward an interracial contact hypothesis. Journal of Leisure Research, 31(4), 359-384."
race,white,hobbies,visiting forest preserves,"Floyd, M. F., & Shinew, K. J. (1999). Convergence and divergence in leisure style among Whites and African Americans: Toward an interracial contact hypothesis. Journal of Leisure Research, 31(4), 359-384."
race,white,hobbies,visiting state parks,"Floyd, M. F., & Shinew, K. J. (1999). Convergence and divergence in leisure style among Whites and African Americans: Toward an interracial contact hypothesis. Journal of Leisure Research, 31(4), 359-384."
socio-economic status,high,drinks,fruit juice,"Darmon, N., & Drewnowski, A. (2008). Does social class predict diet quality?. The American journal of clinical nutrition, 87(5), 1107-1117."
socio-economic status,high,drinks,low-fat milk,"Roos, E., Lahelma, E., Virtanen, M., Prättälä, R., & Pietinen, P. (1998). Gender, socioeconomic status and family status as determinants of food behaviour. Social science & medicine, 46(12), 1519-1529."
socio-economic status,high,drinks,wine,"Darmon, N., & Drewnowski, A. (2008). Does social class predict diet quality?. The American journal of clinical nutrition, 87(5), 1107-1117."
socio-economic status,high,food,arugula,"Baumann, S., Szabo, M., & Johnston, J. (2019). Understanding the food preferences of people of low socioeconomic status. Journal of Consumer Culture, 19(3), 316-339."
socio-economic status,high,food,beef steak,"Hough, G., & Sosa, M. (2015). Food choice in low income populations–A review. Food quality and preference, 40, 334-342."
socio-economic status,high,food,capsicum,"Inglis, V., Ball, K., & Crawford, D. (2005). Why do women of low socioeconomic status have poorer dietary behaviours than women of higher socioeconomic status? A qualitative exploration. Appetite, 45(3), 334-343."
socio-economic status,high,food,dim sum,"Baumann, S., Szabo, M., & Johnston, J. (2019). Understanding the food preferences of people of low socioeconomic status. Journal of Consumer Culture, 19(3), 316-339."
socio-economic status,high,food,eggplant,"Inglis, V., Ball, K., & Crawford, D. (2005). Why do women of low socioeconomic status have poorer dietary behaviours than women of higher socioeconomic status? A qualitative exploration. Appetite, 45(3), 334-343."
socio-economic status,high,food,fish,"Hough, G., & Sosa, M. (2015). Food choice in low income populations–A review. Food quality and preference, 40, 334-342."
socio-economic status,high,food,salad,"Baumann, S., Szabo, M., & Johnston, J. (2019). Understanding the food preferences of people of low socioeconomic status. Journal of Consumer Culture, 19(3), 316-339."
socio-economic status,high,food,sushi,"Baumann, S., Szabo, M., & Johnston, J. (2019). Understanding the food preferences of people of low socioeconomic status. Journal of Consumer Culture, 19(3), 316-339."
socio-economic status,high,food,vegetables,"Roos, E., Lahelma, E., Virtanen, M., Prättälä, R., & Pietinen, P. (1998). Gender, socioeconomic status and family status as determinants of food behaviour. Social science & medicine, 46(12), 1519-1529."
socio-economic status,high,food,whole wheat bread,"Darmon, N., & Drewnowski, A. (2008). Does social class predict diet quality?. The American journal of clinical nutrition, 87(5), 1107-1117."
socio-economic status,high,food,zucchini,"Inglis, V., Ball, K., & Crawford, D. (2005). Why do women of low socioeconomic status have poorer dietary behaviours than women of higher socioeconomic status? A qualitative exploration. Appetite, 45(3), 334-343."
socio-economic status,high,hobbies,fishing,"Settle, R. B., Alreck, P. L., & Belch, M. A. (1979). Social Class Determinants of Leisure Activity. Advances in Consumer Research, 6(1), 139–145."
socio-economic status,high,hobbies,going to a casino,"Settle, R. B., Alreck, P. L., & Belch, M. A. (1979). Social Class Determinants of Leisure Activity. Advances in Consumer Research, 6(1), 139–145."
socio-economic status,high,hobbies,going to a concert,"Settle, R. B., Alreck, P. L., & Belch, M. A. (1979). Social Class Determinants of Leisure Activity. Advances in Consumer Research, 6(1), 139–145."
socio-economic status,high,hobbies,going to a nightclub,"Settle, R. B., Alreck, P. L., & Belch, M. A. (1979). Social Class Determinants of Leisure Activity. Advances in Consumer Research, 6(1), 139–145."
socio-economic status,high,hobbies,going to a play,"Settle, R. B., Alreck, P. L., & Belch, M. A. (1979). Social Class Determinants of Leisure Activity. Advances in Consumer Research, 6(1), 139–145."
socio-economic status,high,hobbies,golf,"Settle, R. B., Alreck, P. L., & Belch, M. A. (1979). Social Class Determinants of Leisure Activity. Advances in Consumer Research, 6(1), 139–145."
socio-economic status,high,hobbies,playing musical instruments,"Coleman, H. A. (1940). The relationship of socio-economic status to the performance of junior high school students. The Journal of Experimental Education, 9(1), 61-63."
socio-economic status,high,hobbies,reading,"Coleman, H. A. (1940). The relationship of socio-economic status to the performance of junior high school students. The Journal of Experimental Education, 9(1), 61-63."
socio-economic status,high,hobbies,scouting,"Coleman, H. A. (1940). The relationship of socio-economic status to the performance of junior high school students. The Journal of Experimental Education, 9(1), 61-63."
socio-economic status,high,hobbies,skiing,"Hungenberg, E., Gould, J., & Daly, S. (2013). An examination of social psychological factors predicting skiers’ skill, participation frequency, and spending behaviors. Journal of Sport & Tourism, 18(4), 313-336."
socio-economic status,high,hobbies,soccer,"Settle, R. B., Alreck, P. L., & Belch, M. A. (1979). Social Class Determinants of Leisure Activity. Advances in Consumer Research, 6(1), 139–145."
socio-economic status,high,hobbies,swimming,"Settle, R. B., Alreck, P. L., & Belch, M. A. (1979). Social Class Determinants of Leisure Activity. Advances in Consumer Research, 6(1), 139–145."
socio-economic status,high,hobbies,tennis,"Settle, R. B., Alreck, P. L., & Belch, M. A. (1979). Social Class Determinants of Leisure Activity. Advances in Consumer Research, 6(1), 139–145."
socio-economic status,high,hobbies,track and field,"Settle, R. B., Alreck, P. L., & Belch, M. A. (1979). Social Class Determinants of Leisure Activity. Advances in Consumer Research, 6(1), 139–145."
socio-economic status,high,hobbies,traveling,"Coleman, H. A. (1940). The relationship of socio-economic status to the performance of junior high school students. The Journal of Experimental Education, 9(1), 61-63."
socio-economic status,low,behavior,me being a bad parent,https://www.washingtonpost.com/news/answer-sheet/wp/2013/10/28/five-stereotypes-about-poor-families-and-education/
socio-economic status,low,behavior,me being dumb,https://journals.sagepub.com/doi/10.1177/1948550613504968
socio-economic status,low,behavior,me being incompetent,https://www.ncbi.nlm.nih.gov/pmc/articles/PMC6020691/
socio-economic status,low,behavior,me being lazy,https://www.justharvest.org/wp-content/uploads/2015/07/Just-Harvest-Poverty-Myths-Stereotypes-fact-sheet.pdf
socio-economic status,low,behavior,me using drugs,https://www.ncbi.nlm.nih.gov/pmc/articles/PMC6020691/
socio-economic status,low,drinks,beer,"Darmon, N., & Drewnowski, A. (2008). Does social class predict diet quality?. The American journal of clinical nutrition, 87(5), 1107-1117."
socio-economic status,low,food,organ meat,"Darmon, N., & Drewnowski, A. (2008). Does social class predict diet quality?. The American journal of clinical nutrition, 87(5), 1107-1117."
socio-economic status,low,food,pasta,"Darmon, N., & Drewnowski, A. (2008). Does social class predict diet quality?. The American journal of clinical nutrition, 87(5), 1107-1117."
socio-economic status,low,food,peas,"Inglis, V., Ball, K., & Crawford, D. (2005). Why do women of low socioeconomic status have poorer dietary behaviours than women of higher socioeconomic status? A qualitative exploration. Appetite, 45(3), 334-343."
socio-economic status,low,food,pot roast,"Hough, G., & Sosa, M. (2015). Food choice in low income populations–A review. Food quality and preference, 40, 334-342."
socio-economic status,low,food,potatoes,"Roos, E., Lahelma, E., Virtanen, M., Prättälä, R., & Pietinen, P. (1998). Gender, socioeconomic status and family status as determinants of food behaviour. Social science & medicine, 46(12), 1519-1529."
socio-economic status,low,food,pumpkins,"Inglis, V., Ball, K., & Crawford, D. (2005). Why do women of low socioeconomic status have poorer dietary behaviours than women of higher socioeconomic status? A qualitative exploration. Appetite, 45(3), 334-343."
socio-economic status,low,food,quesadillas,"Baumann, S., Szabo, M., & Johnston, J. (2019). Understanding the food preferences of people of low socioeconomic status. Journal of Consumer Culture, 19(3), 316-339."
socio-economic status,low,food,rice,"Darmon, N., & Drewnowski, A. (2008). Does social class predict diet quality?. The American journal of clinical nutrition, 87(5), 1107-1117."
socio-economic status,low,food,sausages,"Darmon, N., & Drewnowski, A. (2008). Does social class predict diet quality?. The American journal of clinical nutrition, 87(5), 1107-1117."
socio-economic status,low,food,stew,"Darmon, N., & Drewnowski, A. (2008). Does social class predict diet quality?. The American journal of clinical nutrition, 87(5), 1107-1117."
socio-economic status,low,food,white bread,"Darmon, N., & Drewnowski, A. (2008). Does social class predict diet quality?. The American journal of clinical nutrition, 87(5), 1107-1117."
socio-economic status,low,hobbies,blog writing,"Vuletić, T., & Krnjaić, Z. (2019). Adolescents' Hobbies and Their Well-Being. In Proceedings of the 25th Scientific Conference: Empirical Studies in Psychology (pp. 88-90). Belgrade: Institute of Psychology, Faculty of Philosophy, University of Belgrade."
socio-economic status,low,hobbies,collecting,"Settle, R. B., Alreck, P. L., & Belch, M. A. (1979). Social Class Determinants of Leisure Activity. Advances in Consumer Research, 6(1), 139–145."
socio-economic status,low,hobbies,creative writing,"Vuletić, T., & Krnjaić, Z. (2019). Adolescents' Hobbies and Their Well-Being. In Proceedings of the 25th Scientific Conference: Empirical Studies in Psychology (pp. 88-90). Belgrade: Institute of Psychology, Faculty of Philosophy, University of Belgrade."
socio-economic status,low,hobbies,diy,"Vyas, D. (2020, October). Life improvements: DIY in low socio-economic status communities. In Companion Publication of the 2020 Conference on Computer Supported Cooperative Work and Social Computing (pp. 407-412)."
socio-economic status,low,hobbies,drawing,"Vuletić, T., & Krnjaić, Z. (2019). Adolescents' Hobbies and Their Well-Being. In Proceedings of the 25th Scientific Conference: Empirical Studies in Psychology (pp. 88-90). Belgrade: Institute of Psychology, Faculty of Philosophy, University of Belgrade."
socio-economic status,low,hobbies,jewelry making,"Vuletić, T., & Krnjaić, Z. (2019). Adolescents' Hobbies and Their Well-Being. In Proceedings of the 25th Scientific Conference: Empirical Studies in Psychology (pp. 88-90). Belgrade: Institute of Psychology, Faculty of Philosophy, University of Belgrade."
socio-economic status,low,hobbies,listening to rap music,"Tanner, J., Asbridge, M., & Wortley, S. (2009). Listening to rap: Cultures of crime, cultures of resistance. Social Forces, 88(2), 693-722."
socio-economic status,low,hobbies,playing baseball,"Jayanthi, N. A., Holt Jr, D. B., LaBella, C. R., & Dugas, L. R. (2018). Socioeconomic factors for sports specialization and injury in youth athletes. Sports health, 10(4), 303-310."
socio-economic status,low,hobbies,playing basketball,"Jayanthi, N. A., Holt Jr, D. B., LaBella, C. R., & Dugas, L. R. (2018). Socioeconomic factors for sports specialization and injury in youth athletes. Sports health, 10(4), 303-310."
socio-economic status,low,hobbies,playing football,"Jayanthi, N. A., Holt Jr, D. B., LaBella, C. R., & Dugas, L. R. (2018). Socioeconomic factors for sports specialization and injury in youth athletes. Sports health, 10(4), 303-310."
socio-economic status,low,hobbies,thrift shopping,"James, S., Brown, R. B., Goodsell, T. L., Stovall, J., & Flaherty, J. (2010). Adapting to hard times: Family participation patterns in local thrift economies. Family Relations, 59(4), 383-395."
socio-economic status,low,hobbies,visiting a swap meet,"Settle, R. B., Alreck, P. L., & Belch, M. A. (1979). Social Class Determinants of Leisure Activity. Advances in Consumer Research, 6(1), 139–145."